dataset,display_name,budget,method,requested_clusters,n_repeats,overall_accuracy_mean,overall_accuracy_std,balanced_accuracy_mean,balanced_accuracy_std,kappa_mean,kappa_std,nmi_mean,nmi_std,ami_mean,ami_std,ari_mean,ari_std,homogeneity_mean,homogeneity_std,completeness_mean,completeness_std,v_measure_mean,v_measure_std,n_pred_clusters_labeled_mean,n_pred_clusters_labeled_std,runtime_seconds_mean,runtime_seconds_std,peak_rss_mb_mean,peak_rss_mb_std
botswana,Botswana,evaluated_support,minibatch_kmeans,21,5,0.5294950738916256,0.017047033176476097,0.5439155926200724,0.015526783479064932,0.49864665505750744,0.017698281912557172,0.6283740396484699,0.005901666896811479,0.6229294566406409,0.005978685381333855,0.4205698473462419,0.010941458814258852,0.660860299428756,0.006587559197777976,0.5989446919817049,0.006122622996726951,0.62837403964847,0.005901666896811469,20.0,0.0,0.7310484400019049,0.09841843810047589,906.1466112,0.06720436404874207
botswana,Botswana,full_scene,minibatch_kmeans,38,5,0.4365147783251232,0.018117213944677902,0.46016716049750395,0.02322196590770754,0.409568683578064,0.018608533120833905,0.634663208245898,0.010728486196066745,0.6251982273687109,0.010892563837886405,0.3711240626185723,0.012896977022435465,0.7263438480590864,0.013576299025235099,0.563537220206014,0.008843583097326687,0.6346632082458978,0.01072848619606679,36.4,0.5477225575051661,0.9895258800010197,0.052073365274180446,906.2498304000001,0.6181948299854929
indian_pines,Indian Pines,evaluated_support,minibatch_kmeans,33,5,0.2677919797053371,0.011734368185820793,0.3663162290887163,0.019860451078749522,0.21987714773695766,0.011553600861189603,0.4225786293524412,0.004917925336024526,0.41752328834035807,0.004966205663959608,0.16259064986742955,0.006088806402290283,0.49570287622627623,0.0052694499100300355,0.36827159122016373,0.005306381797525154,0.4225786293524412,0.004917925336024546,33.0,0.0,0.9807730800239369,0.061734015573186966,261.2436992,0.008879916396011716
indian_pines,Indian Pines,full_scene,minibatch_kmeans,35,5,0.25844472631476234,0.011564552915051544,0.3576793003472838,0.008983493255140605,0.21298527460533845,0.011515961600779496,0.4227232019260222,0.00465442868557818,0.4174201083885453,0.004683877506193191,0.15540565339184656,0.0057076630055871765,0.5019099970996928,0.004789081906170549,0.3651206204377545,0.004496607464868052,0.4227232019260222,0.004654428685578175,35.0,0.0,0.9110143799916841,0.027333639769063937,261.24533759999997,0.03988082342177917
ksc,KSC,evaluated_support,minibatch_kmeans,31,5,0.4347342160813663,0.01799307859795427,0.38966207913430384,0.020007067673670463,0.3906545001584416,0.018194422326563903,0.5635276826462434,0.014199507163858559,0.5591464945728459,0.014525494507687845,0.3475518450414726,0.028469586617743736,0.5983529451523222,0.013573862543565053,0.5327298723281602,0.01861118881449503,0.5635276826462434,0.014199507163858543,23.2,1.9235384061671343,0.961927420005668,0.04410418031848277,431.2735744,0.23055423104510142
ksc,KSC,full_scene,minibatch_kmeans,720,5,0.10374208405296488,0.0054254258627351865,0.10453342315363293,0.006291783532561,0.09297063684519438,0.004936490372711646,0.47562471726089817,0.0027525603065177637,0.4146454167644036,0.00557623195536091,0.0729212870358805,0.006627399806261579,0.7791731505514997,0.0022757819020031433,0.3422922882660262,0.003227360787110589,0.47562471726089817,0.0027525603065177897,387.0,19.570385790780925,17.137773659999947,1.203254915012649,654.7120128,1.9866875208555672
pavia_university,Pavia University,evaluated_support,minibatch_kmeans,76,5,0.2068730129044324,0.009819388565482144,0.3338333969716819,0.020737048177168402,0.16908948849427116,0.008296023639592365,0.4465362803769593,0.0030710306657591503,0.44512684915679046,0.0030870231065010588,0.09549268277155414,0.002762349538413201,0.7015943445710533,0.0028948444401457607,0.3274883887472261,0.0029650168088720856,0.4465362803769592,0.0030710306657591876,75.2,0.8366600265340756,2.2697205800097437,0.13236378279207497,222.39559679999996,50.35787245143054
pavia_university,Pavia University,full_scene,minibatch_kmeans,207,5,0.11629885917336824,0.00741171890408831,0.21449690769853316,0.017674065601465585,0.09612915241258098,0.006434221085212535,0.39923872480779715,0.0017262934651148083,0.39582255815091055,0.001727312192130849,0.04296532603377997,0.0009045671473713869,0.7343787512105293,0.0016804289358252095,0.27413628723012284,0.0015029887003813744,0.3992387248077971,0.001726293465114794,197.8,2.280350850198276,5.995393000007607,0.7025630552121815,295.4969088,1.5323348955483629
salinas_a,Salinas-A,evaluated_support,minibatch_kmeans,6,5,0.800149588631264,0.05676403210288241,0.8370363304714932,0.06831945783661499,0.7544216434254298,0.07065402541207752,0.7861905236315737,0.04247776981949951,0.785893214249953,0.04253563215662054,0.7075873240124284,0.07546548304671294,0.7844155594500496,0.039865990845248424,0.7879915699685988,0.0451290357948378,0.7861905236315738,0.04247776981949951,6.0,0.0,0.13016864000819622,0.008710055495982874,222.05726719999998,0.007878813311655903
salinas_a,Salinas-A,full_scene,minibatch_kmeans,7,5,0.7793567688855647,0.053295050295608076,0.8227080994337163,0.01914125736175381,0.7345571259919297,0.057049000801753576,0.7913366789319115,0.019480279585420743,0.7910006142806566,0.019507697802241455,0.7119342096323048,0.06558398519451483,0.8184401320389034,0.012926516550419867,0.7661633202716887,0.026973577321679498,0.7913366789319114,0.01948027958542072,7.0,0.0,0.8107471799943596,0.8897305814419414,221.53953280000002,0.2409235027870908
trento,Trento,evaluated_support,minibatch_kmeans,41,5,0.25071821010127754,0.005877411887255239,0.31917961450066484,0.021231159751377987,0.20048814203128815,0.006033918854956741,0.4514835693878405,0.0057847395327733,0.45070744846833755,0.00579112488261827,0.17405967660547955,0.01183136059377951,0.7052139495708817,0.007890664414480122,0.33202756515043463,0.0046494161054517185,0.4514835693878405,0.005784739532773257,41.0,0.0,1.214927299984265,0.07642911839211741,458.63567359999996,0.057897217176649675
trento,Trento,full_scene,minibatch_kmeans,68,5,0.1562917852651089,0.004598217984829986,0.23235288062346182,0.01821192532300452,0.1243051042034855,0.004303495626812563,0.4107877964379313,0.0005451678870505368,0.40954448676823424,0.0005484935133376334,0.09739342644815346,0.003706759307697225,0.7190650177150016,0.0037217338855022324,0.28752502936393026,0.0007298256862941109,0.4107877964379313,0.0005451678870505662,68.0,0.0,2.0300485600018874,0.14071180321827254,458.653696,0.3138589233142876
whu_hi_hanchuan,WHU-Hi HanChuan,evaluated_support,minibatch_kmeans,79,5,0.2422094513260591,0.03980120709592467,0.1960806647769687,0.012781875306543549,0.1961465895860694,0.03320127887492657,0.45824557045392744,0.007365996303696705,0.45784064641663436,0.007365188170729367,0.3085842974791457,0.08277875765495889,0.6155484115796568,0.003733847123553059,0.3650486270370935,0.009224087159453819,0.45824557045392744,0.007365996303696686,79.0,0.0,3.2114693199982867,0.19487639091081335,858.4962048000001,0.9197066132823192
whu_hi_hanchuan,WHU-Hi HanChuan,full_scene,minibatch_kmeans,83,5,0.20731254611113265,0.03207996085044592,0.181451510026886,0.009024092952733737,0.16925811369704466,0.025672086117333622,0.45322673272295005,0.008885791754001775,0.45280564265004697,0.008889797439230742,0.23922621045480122,0.06725448654336888,0.6213866542985437,0.008276438943525118,0.3567148608837879,0.008496959993020935,0.45322673272295005,0.008885791754001778,83.0,0.0,3.153542940004263,0.17301070742997487,856.756224,1.9816704527484084
whu_hi_honghu,WHU-Hi HongHu,evaluated_support,minibatch_kmeans,46,5,0.22236864903166076,0.009766492083206419,0.282997267586196,0.005096111792120906,0.19206600856396946,0.0089857507523749,0.42140528194827365,0.004536416011276289,0.42116317128949243,0.004538006080103599,0.12425048221514619,0.005524751481275254,0.5544373518199285,0.0054332011975120244,0.33986156389793315,0.003975007894873653,0.4214052819482738,0.004536416011276308,46.0,0.0,3.132339740009047,0.14000268167591987,949.9582463999999,0.20960957339969716
whu_hi_honghu,WHU-Hi HongHu,full_scene,minibatch_kmeans,46,5,0.22236864903166076,0.009766492083206419,0.282997267586196,0.005096111792120906,0.19206600856396946,0.0089857507523749,0.42140528194827365,0.004536416011276289,0.42116317128949243,0.004538006080103599,0.12425048221514619,0.005524751481275254,0.5544373518199285,0.0054332011975120244,0.33986156389793315,0.003975007894873653,0.4214052819482738,0.004536416011276308,46.0,0.0,2.74953979998827,0.06329862757617827,948.2870784,2.275685772771971
whu_hi_longkou,WHU-Hi LongKou,evaluated_support,minibatch_kmeans,77,5,0.18502899160074704,0.011922565302948763,0.1843614375069243,0.007307545718619899,0.14503906157346752,0.009213509871494512,0.4988706845780819,0.0055932771986236425,0.4985994697845655,0.005594675662439074,0.19444380171485148,0.017256115181324375,0.8224666642260084,0.0042191958029085454,0.3580201116087564,0.0050115615173044175,0.4988706845780819,0.005593277198623622,77.0,0.0,2.856851679994725,0.19107822944584502,553.6784384,0.20962958252306982
whu_hi_longkou,WHU-Hi LongKou,full_scene,minibatch_kmeans,110,5,0.1416902152125236,0.019503592717279857,0.14673727931115357,0.008924651643379307,0.11036314294654381,0.014628525373142885,0.4751260342897442,0.007062855721187706,0.4747419367026996,0.007063239218778589,0.14601979294874717,0.027988216416643362,0.8330241717098232,0.002915268125907397,0.3323622758749437,0.006528515526837592,0.4751260342897442,0.007062855721187704,110.0,0.0,3.588643220020458,0.2919755757365024,551.3928704,3.369837724446217
