dataset,method,seed,uses_true_k,uses_labels_for_selection,selected_resolution,runtime_seconds,peak_rss_mb,overall_accuracy,balanced_accuracy,kappa,nmi,ami,ari,homogeneity,completeness,v_measure,n_pred_clusters,tiny_cluster_pixel_fraction,n_clusters_full,n_clusters_labeled,preprocessing,implementation,min_cluster_size,min_samples,cluster_selection_method,noise_fraction_full,noise_fraction_labeled,n_clusters_full_excluding_noise,n_clusters_labeled_excluding_noise
salinas_a,Leiden,3,False,False,0.06,0.4180320909999864,300.670976,0.87471952131638,0.9014420015265908,0.8485657560633013,0.917903770501942,0.917702646444649,0.8740998623602404,0.9832662080254395,0.8606895907189657,0.917903770501942,11,0.00037397157816005983,13,11,,,,,,,,,
salinas_a,Leiden,1,False,False,0.06,0.41890516000000844,300.224512,0.8726626776364996,0.9000768985233644,0.8461755621579485,0.9176721706346763,0.9174705192528834,0.8733432288822675,0.9832101631559426,0.860325331424081,0.9176721706346764,11,0.00037397157816005983,13,11,,,,,,,,,
salinas_a,Leiden,0,False,False,0.06,0.41808891499999845,300.212224,0.8756544502617801,0.902062502891694,0.8496531947713223,0.9180152738901931,0.9178144035581772,0.8744636443186888,0.9832920633408171,0.8608658653543035,0.9180152738901931,11,0.00037397157816005983,13,11,,,,,,,,,
salinas_a,Leiden,2,False,False,0.06,0.4174737300000402,300.658688,0.8726626776364996,0.9000768985233644,0.8461755621579485,0.9176721706346763,0.9174705192528834,0.8733432288822675,0.9832101631559426,0.860325331424081,0.9176721706346764,11,0.00037397157816005983,13,11,,,,,,,,,
salinas_a,Leiden,4,False,False,0.06,0.41332901799995625,300.675072,0.8745325355272999,0.9011947216057205,0.8483389336017202,0.9173790663561787,0.9171766553670949,0.8737682744871164,0.9826970493625806,0.8602030255400154,0.9173790663561787,11,0.00037397157816005983,13,11,,,,,,,,,
whu_hi_honghu,Leiden,3,False,False,0.1,37.81091006099996,1688.428544,0.3621865407442079,0.5398512472357636,0.3318414236476793,0.6108861309206809,0.610758553947281,0.18082176671640346,0.7674756377168672,0.5073670678789641,0.6108861309206809,37,0.0004861737864404062,39,37,,,,,,,,,
whu_hi_honghu,Leiden,1,False,False,0.1,37.35760739699981,1543.0656,0.36344852376432984,0.5367859678158764,0.3338603023276827,0.6170408156894296,0.6169122343957661,0.1816033077684538,0.7794554458790329,0.5106392445614953,0.6170408156894297,38,0.0004861737864404062,40,38,,,,,,,,,
whu_hi_honghu,Leiden,0,False,False,0.1,37.497588404,1543.0656,0.3696860300031291,0.5136379967411576,0.3381113607991286,0.6122087604686876,0.612085158761372,0.17529368271847312,0.7676228450936832,0.5091296083304923,0.6122087604686874,36,0.0004861737864404062,38,36,,,,,,,,,
whu_hi_honghu,Leiden,2,False,False,0.1,37.92453773999978,1691.89376,0.36784736211930397,0.5164576556005976,0.338391184274777,0.6166087300751169,0.6164828775528136,0.17883008949425439,0.7738692683092347,0.5124683405289531,0.6166087300751167,37,0.005022071772698239,39,37,,,,,,,,,
whu_hi_honghu,Leiden,4,False,False,0.1,37.77314903000024,1641.394176,0.36257185933026975,0.5424021722158261,0.3350171758857692,0.6197239400041376,0.6195957216009849,0.16904522696907828,0.7865938005250067,0.5112633330036594,0.6197239400041377,38,0.0005016899711140362,40,38,,,,,,,,,
ksc,Leiden,3,False,False,0.32,28.33149243400021,1045.880832,0.5377086931491076,0.6002356866262443,0.5112628017441347,0.7715003214673849,0.766071031397645,0.5014336645780594,0.911318221777698,0.6688784509316966,0.7715003214673849,86,0.02475532527345999,13930,86,,,,,,,,,
ksc,Leiden,1,False,False,0.32,28.227196561999904,1010.372608,0.5451928612550374,0.6114334374637219,0.5182435266339995,0.7655456453355208,0.7602379623204171,0.5185747793549248,0.8860848026018682,0.6738746434355198,0.7655456453355208,81,0.024563423527154096,13936,81,,,,,,,,,
ksc,Leiden,0,False,False,0.32,28.143378015000053,1002.88512,0.5369410861638841,0.6038721551144344,0.5103792652377048,0.7692681367732602,0.7638567021664229,0.4986277450483501,0.9078444144628298,0.6673948503037839,0.7692681367732602,84,0.024563423527154096,13936,84,,,,,,,,,
ksc,Leiden,2,False,False,0.32,28.289670588000035,1055.186944,0.5486470926885435,0.6130535065782473,0.5223820014337575,0.7831253273388366,0.778074024315026,0.5287394329697479,0.9191777629515908,0.6821557869300787,0.7831253273388367,84,0.02091729034734216,13936,84,,,,,,,,,
ksc,Leiden,4,False,False,0.32,28.632547954000074,1055.531008,0.5444252542698138,0.6107969284413121,0.5177156239587257,0.764881209755826,0.7593906178614475,0.4978906535667151,0.8963432095859172,0.6670486510708066,0.764881209755826,84,0.023987718288236422,13932,84,,,,,,,,,
pavia_university,Leiden,3,False,False,0.1,16.128359874000125,820.965376,0.45167851131475595,0.4261276472559667,0.3803046403198239,0.6664325091508728,0.6655946146211977,0.38592539860347885,0.9224566255677976,0.5216505129516694,0.6664325091508728,69,0.0340611557882925,473,69,,,,,,,,,
pavia_university,Leiden,1,False,False,0.1,16.50619032099985,787.12832,0.44122872638862914,0.44594220776642207,0.37359889666961965,0.6684265506787278,0.6676309313486976,0.38160314826928815,0.912879537173254,0.5272407953110212,0.6684265506787279,65,0.03420142135777071,466,65,,,,,,,,,
pavia_university,Leiden,0,False,False,0.1,16.60139295099998,779.603968,0.39840097250794837,0.4130474111387485,0.3374792442107446,0.6426831171225179,0.6418396218486109,0.30742725830306633,0.9036531497676075,0.4986699834422736,0.6426831171225179,66,0.03116233401907612,464,66,,,,,,,,,
pavia_university,Leiden,2,False,False,0.1,16.17290847199979,814.927872,0.41962782868898446,0.41938263164253675,0.3545197403373027,0.6575978703886733,0.6567947962045979,0.3542734412145486,0.9094774252173347,0.5149755228283092,0.6575978703886732,64,0.031325977183467364,465,64,,,,,,,,,
pavia_university,Leiden,4,False,False,0.1,16.20994349900002,825.77408,0.4716195997755751,0.4294305284877367,0.39645312912306674,0.6721795912669608,0.67134554455015,0.42573632141983014,0.9176883708773164,0.5303068304355301,0.6721795912669607,68,0.03345333832055358,465,68,,,,,,,,,
indian_pines,Leiden,3,False,False,1.0,1.3572506670000166,345.280512,0.3768172504634599,0.6013402524951914,0.3524306503419026,0.6938860676622725,0.6895304250740636,0.2821656043209515,0.9084639184255939,0.5613063318425474,0.6938860676622726,62,0.03678407649526783,88,62,,,,,,,,,
indian_pines,Leiden,1,False,False,1.0,1.3493913760000282,343.06048,0.38335447360718117,0.6078589527874936,0.359052754175024,0.6942768230654563,0.6899103735068155,0.2848495927539523,0.9090877297517229,0.5615795948468865,0.6942768230654562,62,0.03132012879305298,87,62,,,,,,,,,
indian_pines,Leiden,0,False,False,1.0,1.356350396000039,342.904832,0.3864767294370182,0.6083170816233887,0.36150456930102504,0.6964664779673618,0.6923482856286352,0.29495383318291674,0.9078640824136601,0.5649232055155885,0.6964664779673617,58,0.02683188603766221,86,58,,,,,,,,,
indian_pines,Leiden,2,False,False,1.0,1.3476427169999852,344.887296,0.3895989852668553,0.6140026472250781,0.3645601434511352,0.6979363996288839,0.6936698015841718,0.3019610474456421,0.9060195518689798,0.5675814462100984,0.6979363996288839,61,0.04097960776661138,87,61,,,,,,,,,
indian_pines,Leiden,4,False,False,1.0,1.3539894830000208,345.53856,0.39662406088398866,0.619419909788222,0.37150338492719137,0.6976229484780577,0.6935799163581627,0.30025338462646745,0.9073308883482517,0.5666542948952348,0.6976229484780576,57,0.023221777734413113,88,57,,,,,,,,,
whu_hi_longkou,Leiden,3,False,False,0.1,17.67412404699985,1073.99168,0.3346647632271123,0.5774931756444172,0.29196117688024414,0.6666702059045759,0.6664200423048587,0.2762335058649718,0.9585715358750323,0.5110475410148052,0.666670205904576,125,0.0061552150658544455,155,125,,,,,,,,,
whu_hi_longkou,Leiden,1,False,False,0.1,17.523924230000148,1061.552128,0.3853291744482796,0.600005034416287,0.3377096351913763,0.6779063804688337,0.6776617165878878,0.3047139400966843,0.9579171671329431,0.5245686209510316,0.6779063804688337,124,0.0041018470534169025,152,124,,,,,,,,,
whu_hi_longkou,Leiden,0,False,False,0.1,17.509453085999894,1061.568512,0.3769250325116602,0.6031617365554194,0.3312551753207956,0.6697616643970646,0.6695132041539754,0.2944289561050858,0.9521543471141216,0.516559081895212,0.6697616643970647,124,0.004488075798613488,153,124,,,,,,,,,
whu_hi_longkou,Leiden,2,False,False,0.1,17.420348416000024,1067.692032,0.3934008663257424,0.6089284167643227,0.3450063375053224,0.6778897749746189,0.6776353916061141,0.32066400529832584,0.9521097547753377,0.5263066279958688,0.6778897749746188,128,0.004947639115682843,156,128,,,,,,,,,
whu_hi_longkou,Leiden,4,False,False,0.1,17.67090691899989,1077.141504,0.32268678315455995,0.5710824901931015,0.2811422280976711,0.6565244952284744,0.6562543722053416,0.2696232213363307,0.9430085941899216,0.5035477191082667,0.6565244952284746,130,0.007714796961015341,161,130,,,,,,,,,
whu_hi_hanchuan,Leiden,3,False,False,0.06,27.413658506000047,1580.056576,0.40029511124917483,0.4597321069238033,0.3607577866653917,0.6578036217607657,0.6576098538373196,0.3951723756587205,0.7924297965166275,0.5622780137258503,0.6578036217607657,65,0.00657399137964509,74,65,,,,,,,,,
whu_hi_hanchuan,Leiden,1,False,False,0.06,27.37711123100007,1535.823872,0.38021201413427563,0.45939682587014513,0.34257923440316107,0.6589948227397634,0.6587971804724788,0.36911867166250406,0.8048524117552838,0.5578920722263557,0.6589948227397634,67,0.007886459829922728,76,67,,,,,,,,,
whu_hi_hanchuan,Leiden,0,False,False,0.06,27.412892563999776,1535.823872,0.4005086786005514,0.4728202118126136,0.36030928649004434,0.661674117108025,0.6614831211913456,0.39665186073462283,0.7965822802152239,0.565843569028292,0.661674117108025,65,0.007358366015609832,74,65,,,,,,,,,
whu_hi_hanchuan,Leiden,2,False,False,0.06,27.144890554000085,1589.325824,0.401071719799635,0.4706691567714577,0.36103717320801354,0.6579681731540779,0.6577821593202452,0.3947792400131654,0.7872099413034016,0.5651788104333789,0.6579681731540777,62,0.003883042752300703,71,62,,,,,,,,,
whu_hi_hanchuan,Leiden,4,False,False,0.06,27.3057110550003,1597.804544,0.38206810856987533,0.4643670183536357,0.3455594040503771,0.6612948311878305,0.6611039844620155,0.37111243559864193,0.8088195274391932,0.559284156906655,0.6612948311878305,65,0.003851978410282297,74,65,,,,,,,,,
trento,Leiden,3,False,False,0.06,8.42066123800032,1110.233088,0.6385781425829086,0.5610570621140459,0.5607775516946907,0.7718188390363316,0.7716378536237265,0.7298186012130976,0.8911058529382502,0.6806978824228747,0.7718188390363315,18,0.0045012245978685375,24,18,,,,,,,,,
trento,Leiden,1,False,False,0.06,8.37805436400049,1110.216704,0.6337790428278282,0.554940151875338,0.555128024361412,0.7658320994688212,0.7656688252292687,0.7288730962544226,0.8874016626998704,0.6735580370892501,0.7658320994688212,16,0.009333421592639174,22,16,,,,,,,,,
trento,Leiden,0,False,False,0.06,8.243731535999359,1110.216704,0.630138346461905,0.5484507812311928,0.551938633468783,0.761689549477565,0.7615247686860923,0.726964486672601,0.8810768916087376,0.6707956546490794,0.7616895494775648,16,0.00417025220096644,22,16,,,,,,,,,
trento,Leiden,2,False,False,0.06,8.34009670100022,1110.233088,0.6245118157145694,0.5463900288766418,0.5461576205488949,0.7462076669763796,0.7460045612314516,0.6769109382117644,0.9013582329531761,0.6366254827249412,0.7462076669763797,19,0.004468127358178328,25,19,,,,,,,,,
trento,Leiden,4,False,False,0.06,8.321854253999845,1110.237184,0.6335142649103065,0.5520519510903151,0.5548483721178026,0.763102353081761,0.7629245617415554,0.7271349336537052,0.8826163068341947,0.6720948434580126,0.7631023530817609,17,0.004766002515390217,24,17,,,,,,,,,
botswana,Leiden,3,False,False,1.0,31.62425014099972,1534.242816,0.4725985221674877,0.45884111931383215,0.4487837093195156,0.7730018266728448,0.7656881972974636,0.5074265906836888,0.8882085960839811,0.6842499037282097,0.7730018266728448,48,0.02647783251231527,167,48,,,,,,,,,
botswana,Leiden,1,False,False,1.0,31.40847253899983,1494.2208,0.4547413793103448,0.4464799121571804,0.42744626978608247,0.7552295616763968,0.7470587201272347,0.4828742052871879,0.8623658333226861,0.6717717960249651,0.7552295616763968,50,0.026785714285714284,168,50,,,,,,,,,
botswana,Leiden,0,False,False,1.0,31.378942487999666,1480.17152,0.4815270935960591,0.4770805717138746,0.45704182240539104,0.783983182115418,0.7775300957559887,0.5308556655518127,0.8956667433863013,0.6970640306044382,0.7839831821154178,45,0.018780788177339903,167,45,,,,,,,,,
botswana,Leiden,2,False,False,1.0,31.48798683899986,1521.856512,0.4304187192118227,0.41271057709841136,0.40297688870359705,0.761357850529502,0.7533726923173811,0.4803160642664623,0.8713672452018522,0.6760119060035262,0.761357850529502,49,0.023399014778325122,167,49,,,,,,,,,
botswana,Leiden,4,False,False,1.0,31.3804477220001,1534.32064,0.4482758620689655,0.43795255205246997,0.42124854415135393,0.7555632524547149,0.747597720954492,0.4783754333963399,0.8609604798990715,0.6731566328743873,0.7555632524547149,48,0.020935960591133004,169,48,,,,,,,,,
salinas_a,HDBSCAN,,False,False,,1.9093382569999449,254.640128,0.4214659685863874,0.44197563336630513,0.3223970093710845,0.5230856748105446,0.5107932397340236,0.23448301680007763,0.693381818680076,0.4199459894228779,0.5230856748105446,111,0.14304412864622287,126,111,per-band StandardScaler then randomized PCA-20,sklearn.cluster.HDBSCAN,5,,eom,0.3789576912300364,0.34966342557965596,125,110
whu_hi_honghu,HDBSCAN,,False,False,,4172.043121081999,2009.071616,0.42395129986837105,0.04951771666521312,0.0048270771187012285,0.006408962299900254,0.0062815970552061,0.002573587523150149,0.0032332950569728632,0.35958445531599287,0.006408962299900253,8,0.002741192625674631,9,8,per-band StandardScaler then randomized PCA-20,sklearn.cluster.HDBSCAN,5,,eom,0.0025263157894736842,0.0025136219171280577,8,7
ksc,HDBSCAN,,False,False,,1873.5815304070002,1316.724736,0.1356745346382652,0.08129864072500623,0.03394913131402433,0.2855640011170095,0.1049159814843575,-0.003950189297817348,0.2946603605393613,0.2770124444878341,0.2855640011170095,862,0.27998464786029553,6650,862,per-band StandardScaler then randomized PCA-20,sklearn.cluster.HDBSCAN,5,,eom,0.7000203583061889,0.6925734024179621,6649,861
pavia_university,HDBSCAN,,False,False,,880.0035077940001,768.724992,0.4360389003179353,0.11120039425898093,0.00017782376625152807,0.00022378155675213042,9.26969776825252e-05,7.576582586525058e-05,0.00011195631282873545,0.19114951717922307,0.0002237815567521304,3,9.35103796521414e-05,4,3,per-band StandardScaler then randomized PCA-20,sklearn.cluster.HDBSCAN,5,,eom,0.0006991321118611379,4.67551898260707e-05,3,2
indian_pines,HDBSCAN,,False,False,,9.127460800000335,326.746112,0.24099912186554787,0.07271710401126341,0.002834943026667869,0.006116091099494574,0.005325902587615672,0.0012016710380113843,0.0030856490861302,0.3418422670568902,0.006116091099494575,3,0.0030246853351546493,3,3,per-band StandardScaler then randomized PCA-20,sklearn.cluster.HDBSCAN,5,,eom,0.006373365041617123,0.002927114840472241,2,2
whu_hi_longkou,HDBSCAN,,False,False,,950.9637948129994,1189.02784,0.32826998855980677,0.11254103938669144,0.0010262082907047665,0.003236289238917703,0.0030604861397058158,0.0009797348976055566,0.001627032569696542,0.2962183549559318,0.0032362892389177036,9,0.00098268326309511,10,9,per-band StandardScaler then randomized PCA-20,sklearn.cluster.HDBSCAN,5,,eom,0.0007727272727272727,0.000576898632065786,9,8
whu_hi_hanchuan,HDBSCAN,,False,False,,2658.2947740830004,1785.143296,0.29382596202384187,0.07590181444269063,0.0022365293877818493,0.009903514178558835,0.009724891550720371,0.0013946947438285308,0.004990811094324272,0.6327976910227525,0.009903514178558835,9,0.00215508872752689,9,9,per-band StandardScaler then randomized PCA-20,sklearn.cluster.HDBSCAN,5,,eom,0.0007783029740936296,0.0009319302605521687,8,8
trento,HDBSCAN,,False,False,,229.55240200499975,588.320768,0.40153571192162574,0.27357198497104973,0.12628202861574656,0.20240597994045953,0.1973889628083629,0.09774528966626282,0.13808969365303486,0.3788652410346641,0.20240597994045953,91,0.01628384192758324,168,91,per-band StandardScaler then randomized PCA-20,sklearn.cluster.HDBSCAN,5,,eom,0.923925702811245,0.870192625934997,167,90
botswana,HDBSCAN,,False,False,,3098.8595268789995,1468.489728,0.10868226600985222,0.10075187969924812,0.0145576332179016,0.04070217713671816,0.0365330603528321,0.00400190232439349,0.02115508485686322,0.5354863097616854,0.04070217713671815,4,0.003078817733990148,16,4,per-band StandardScaler then randomized PCA-20,sklearn.cluster.HDBSCAN,5,,eom,0.0035595570799457996,0.01539408866995074,15,3
