dataset,rule,selected_threshold,selected_clusters_full,candidate_settings,OA_selected,OA_oracle,OA_oracle_gap,OA_rank,BA_selected,BA_oracle,BA_oracle_gap,BA_rank,NMI_selected,NMI_oracle,NMI_oracle_gap,NMI_rank,ARI_selected,ARI_oracle,ARI_oracle_gap,ARI_rank
salinas_a,frozen_full_selector,0.75,7,16,0.8057217651458489,0.8057217651458489,0.0,1,0.7474972440069237,0.8242854421475809,0.0767881981406571,6,0.8658628671449173,0.8921525436739373,0.0262896765290199,2,0.7494985720647199,0.7977012046888425,0.0482026326241226,4
indian_pines,frozen_full_selector,0.6,35,16,0.4180895697141184,0.4491169870231242,0.0310274173090057,4,0.4955754819131091,0.5229080130268204,0.0273325311137113,13,0.5884603158773851,0.6311189111840291,0.0426585953066439,13,0.302183229144247,0.3036106896179765,0.0014274604737294,11
ksc,frozen_full_selector,3.0,720,20,0.4642103243139512,0.4713106889272692,0.0071003646133179,19,0.3754820265726657,0.3886399385307754,0.0131579119581096,19,0.6305940831371325,0.6369989583177865,0.006404875180654,20,0.3226347228184095,0.3226347228184095,0.0,1
pavia_university,frozen_full_selector,3.0,207,20,0.6364783991023003,0.6364783991023003,0.0,1,0.5009343545405501,0.5009343545405501,0.0,1,0.6836429337225108,0.6836429337225108,0.0,1,0.5136556317923918,0.5136556317923918,0.0,1
whu_hi_longkou,frozen_full_selector,0.5,110,12,0.8109581406263751,0.8109581406263751,0.0,1,0.5497125911408385,0.5891027534761741,0.0393901623353356,7,0.8078669514573277,0.8078669514573277,0.0,1,0.8260649967194518,0.8260649967194518,0.0,1
whu_hi_honghu,frozen_full_selector,0.75,46,20,0.7703630528610551,0.7703630528610551,0.0,1,0.6197677015816356,0.6197677015816356,0.0,1,0.7648677499572327,0.7669273171176934,0.0020595671604606,4,0.8585813540740569,0.859603230023584,0.001021875949527,3
whu_hi_hanchuan,frozen_full_selector,3.0,83,20,0.5129887780064458,0.5129887780064458,0.0,1,0.3828498407998426,0.4114637933454471,0.0286139525456045,2,0.613392922012487,0.6199354785308562,0.0065425565183692,4,0.6365325393677354,0.6383645056795367,0.0018319663118013,2
botswana,frozen_full_selector,0.65,38,20,0.4498152709359606,0.4498152709359606,0.0,1,0.438112344994487,0.438112344994487,0.0,1,0.7166020599989423,0.7166020599989423,0.0,1,0.3234322867601792,0.3234322867601792,0.0,1
trento,frozen_full_selector,0.75,68,20,0.85331303369299,0.85331303369299,0.0,1,0.6773542941185876,0.6773542941185876,0.0,1,0.8494834984320455,0.8494834984320455,0.0,1,0.9447463525838752,0.9447463525838752,0.0,1
