study,dataset,variant,pca_components,k,window_radius,mutual,min_degree,use_spatial_affinity,alpha,checkpoint,fine_radius,filter_radius,prototype_threshold,prototype_neighbors,size_exponent,disable_fine_grouping,disable_consolidation,device,height,width,bands,n_nodes,directed_edge_entries,degree_min,degree_median,degree_p90,degree_max,isolated_nodes,sigma_spectral,sigma_spatial,last_movement,fine_modes_full,fine_oa,fine_balanced_accuracy,fine_nmi,fine_ari,dispersion_floor,n_clusters_full,largest_cluster_fraction_full,normalized_entropy_full,microcluster_mass_full,overall_accuracy,balanced_accuracy,nmi,ari,n_pred_clusters_labeled,load_preprocess_graph_seconds,affinity_seconds,diffusion_seconds,mode_extraction_consolidation_seconds,total_runtime_seconds,peak_process_rss_mb,peak_gpu_allocated_mb,peak_gpu_reserved_mb
sensitivity,salinas_a,window_radius=3,20,20,3,True,4,True,0.5,100,0.15,3,0.75,30,0.5,False,False,cuda,83,86,204,7138,75550,4,11.0,15.0,18,0,2.02267861366272,2.2360680103302,0.0603912509977817,55,0.5841436050860135,0.5786496010364998,0.7521749157916019,0.5467778290154066,0.6340190444792985,13,0.2053796581675539,0.9018262731210804,0.0,0.6093866866118175,0.6937110798494984,0.7917366759098539,0.5696227970855862,12,3.759571803000199,0.1119969349999792,0.4889253919998282,0.3738505100000111,4.757571105000125,1422.360576,253.323264,304.08704
sensitivity,salinas_a,window_radius=5,20,20,5,True,4,True,0.5,100,0.15,3,0.75,30,0.5,False,False,cuda,83,86,204,7138,95668,4,14.0,20.0,23,0,1.908965826034546,3.605551242828369,0.0641518831253051,32,0.7793567688855647,0.7370013185358847,0.872788872201168,0.8338486447712911,0.7932768999645287,7,0.3674698795180723,0.8892872197873972,0.0,0.8053477935676888,0.7467251621653485,0.8639098818180042,0.7478310069816573,6,0.3790997610001341,0.1258167270000285,0.0466190439999536,0.2200603569999657,0.7950231500001337,1525.026816,253.323264,306.184192
sensitivity,salinas_a,window_radius=7,20,20,7,True,4,True,0.5,100,0.15,3,0.75,30,0.5,False,False,cuda,83,86,204,7138,93276,4,13.0,20.0,22,0,1.7902700901031494,4.4721360206604,0.0520607195794582,51,0.7210172026925954,0.7058482837121715,0.7986553340342033,0.6959943573346626,0.8059818652660165,7,0.3586438778369291,0.8940020223615697,0.0,0.8057217651458489,0.7474972440069237,0.8658628671449173,0.7494985720647199,6,0.5204045000000406,0.1211520270001074,0.0473230729999158,0.383130840999911,1.0960342700000183,1571.188736,253.323264,306.184192
sensitivity,salinas_a,window_radius=9,20,20,9,True,4,True,0.5,100,0.15,3,0.75,30,0.5,False,False,cuda,83,86,204,7138,92494,4,13.0,19.0,24,0,1.7206826210021973,5.099019527435303,0.048578817397356,65,0.6853029169783097,0.6639834089822522,0.7767176529537559,0.6410408428451899,0.8031755172075099,7,0.344354160829364,0.9012881923165456,0.0,0.8169409124906507,0.7561593923351001,0.8781393283079814,0.763913554847722,6,0.572602962000019,0.1194627760000912,0.0463166280001132,0.4046840470000461,1.1673518739999054,1568.018432,253.323264,306.184192
sensitivity,salinas_a,pca_components=10,10,20,7,True,4,True,0.5,100,0.15,3,0.75,30,0.5,False,False,cuda,83,86,204,7138,93864,4,14.0,20.0,22,0,1.8042690753936768,4.4721360206604,0.0521851703524589,58,0.7255048616305161,0.6992001541811336,0.8101072115093444,0.7268682219175788,0.9399083341455948,7,0.3520594003922667,0.897414835321488,0.0,0.8085265519820494,0.7497613618741554,0.864922878074195,0.7511436038595132,6,0.5147129299998596,0.1192659339999409,0.0465529780001361,0.4458963609999955,1.1504972669999916,1598.779392,253.323264,306.184192
sensitivity,salinas_a,pca_components=20,20,20,7,True,4,True,0.5,100,0.15,3,0.75,30,0.5,False,False,cuda,83,86,204,7138,93276,4,13.0,20.0,22,0,1.7902700901031494,4.4721360206604,0.0520607195794582,51,0.7210172026925954,0.7058482837121715,0.7986553340342033,0.6959943573346626,0.8059818652660165,7,0.3586438778369291,0.8940020223615697,0.0,0.8057217651458489,0.7474972440069237,0.8658628671449173,0.7494985720647199,6,0.5046653120000428,0.1213355790000605,0.0469984010001098,0.2428637630000594,0.939885004999951,1597.87008,253.323264,306.184192
sensitivity,salinas_a,pca_components=30,30,20,7,True,4,True,0.5,100,0.15,3,0.75,30,0.5,False,False,cuda,83,86,204,7138,93314,4,13.0,20.0,22,0,1.7927154302597046,4.4721360206604,0.0520649775862693,49,0.7165295437546746,0.7157351852865909,0.8092267879518452,0.6937323288708704,0.8930648672766566,7,0.3543009246287475,0.8969736053676921,0.0,0.8089005235602095,0.7497534111458162,0.8772329579088339,0.759951041954804,6,0.4505380860000514,0.123936298999979,0.0469403439999496,0.2230758109999442,0.8674901819999832,1600.249856,253.323264,306.184192
sensitivity,salinas_a,pca_components=40,40,20,7,True,4,True,0.5,100,0.15,3,0.75,30,0.5,False,False,cuda,83,86,204,7138,93372,4,13.0,20.0,22,0,1.7906042337417605,4.4721360206604,0.0520754791796207,50,0.7193343305908751,0.714076051678322,0.8099471521337043,0.7003273697662014,0.9484340283858176,7,0.3554216867469879,0.896126448155505,0.0,0.8066566940912491,0.748264207869569,0.8681740261443879,0.7520825769383881,6,0.4598264240000844,0.1206003209999835,0.0459407000000737,0.2229158659999939,0.8720432950001396,1603.309568,253.323264,306.184192
sensitivity,salinas_a,checkpoint=25,20,20,7,True,4,True,0.5,25,0.15,3,0.75,30,0.5,False,False,cuda,83,86,204,7138,93276,4,13.0,20.0,22,0,1.7902700901031494,4.4721360206604,0.1514108479022979,211,0.2470082273747195,0.2319669456276045,0.5538219379988006,0.205104821276426,0.9683864090580414,5,0.4977584757635191,0.8556971974478852,0.0,0.693717277486911,0.5829214721884649,0.7355352637433531,0.5398217373118124,5,0.4290519010000935,0.1203614650000872,0.0179295779998938,0.2257292340000276,0.8160743660000662,1562.013696,253.323264,306.184192
sensitivity,salinas_a,checkpoint=50,20,20,7,True,4,True,0.5,50,0.15,3,0.75,30,0.5,False,False,cuda,83,86,204,7138,93276,4,13.0,20.0,22,0,1.7902700901031494,4.4721360206604,0.0897615924477577,105,0.5400149588631264,0.5589362884546244,0.6788869217664485,0.4543191121073107,1.010958140219113,5,0.5014009526478005,0.8547296466008846,0.0,0.6808152580403889,0.5795866727074249,0.7677224630595413,0.5483926245217753,5,0.4970233149999785,0.1205679839999902,0.0276069019998885,0.2249166200001582,0.8931518340000366,1529.950208,253.323264,306.184192
sensitivity,salinas_a,checkpoint=100,20,20,7,True,4,True,0.5,100,0.15,3,0.75,30,0.5,False,False,cuda,83,86,204,7138,93276,4,13.0,20.0,22,0,1.7902700901031494,4.4721360206604,0.0520607195794582,51,0.7210172026925954,0.7058482837121715,0.7986553340342033,0.6959943573346626,0.8059818652660165,7,0.3586438778369291,0.8940020223615697,0.0,0.8057217651458489,0.7474972440069237,0.8658628671449173,0.7494985720647199,6,0.4261760409999624,0.1190810359998977,0.0456691249999039,0.2239017220001642,0.8386794309999459,1576.173568,253.323264,306.184192
sensitivity,salinas_a,checkpoint=200,20,20,7,True,4,True,0.5,200,0.15,3,0.75,30,0.5,False,False,cuda,83,86,204,7138,93276,4,13.0,20.0,22,0,1.7902700901031494,4.4721360206604,0.0337482132017612,23,0.8461106955871354,0.8346534720346698,0.906234036566752,0.870067583875545,0.6938366927678272,7,0.3593443541608294,0.8944049833253457,0.0,0.81226626776365,0.7520491847548216,0.8770100742625182,0.7608797661856372,6,0.4448773550000169,0.1204142900000988,0.0841934950001359,0.2223693349999393,0.89396279399989,1532.84608,253.323264,306.184192
sensitivity,salinas_a,fine_radius=0.075,20,20,7,True,4,True,0.5,100,0.075,3,0.75,30,0.5,False,False,cuda,83,86,204,7138,93276,4,13.0,20.0,22,0,1.7902700901031494,4.4721360206604,0.0520607195794582,116,0.4444652206432311,0.4741690564113777,0.6437174206216008,0.3505168398767014,0.5768915260138672,8,0.3558419725413281,0.8400138997938917,0.0015410479125805,0.8068436798803291,0.7479637313054974,0.8718472197746515,0.7559839217257324,8,0.4462277899999662,0.1298274890000357,0.0489212990000851,0.2211091709998527,0.869606124000029,1535.75424,253.323264,306.184192
sensitivity,salinas_a,fine_radius=0.1125,20,20,7,True,4,True,0.5,100,0.1125,3,0.75,30,0.5,False,False,cuda,83,86,204,7138,93276,4,13.0,20.0,22,0,1.7902700901031494,4.4721360206604,0.0520607195794582,66,0.5392670157068062,0.5724319938803176,0.7083098260273423,0.4517754684458728,0.7648555275874336,7,0.3541608293639675,0.8955337214868793,0.0,0.68773373223635,0.6782782058771266,0.771343463835576,0.5506972340255212,6,0.4287628789998052,0.1205491719999827,0.0464553609999711,0.2263319220000994,0.8447538899999927,1572.859904,253.323264,306.184192
sensitivity,salinas_a,fine_radius=0.15,20,20,7,True,4,True,0.5,100,0.15,3,0.75,30,0.5,False,False,cuda,83,86,204,7138,93276,4,13.0,20.0,22,0,1.7902700901031494,4.4721360206604,0.0520607195794582,51,0.7210172026925954,0.7058482837121715,0.7986553340342033,0.6959943573346626,0.8059818652660165,7,0.3586438778369291,0.8940020223615697,0.0,0.8057217651458489,0.7474972440069237,0.8658628671449173,0.7494985720647199,6,0.44314932400016,0.1215480660000594,0.0468777239998416,0.2237735470000643,0.8592664719999448,1535.803392,253.323264,306.184192
sensitivity,salinas_a,fine_radius=0.1875,20,20,7,True,4,True,0.5,100,0.1875,3,0.75,30,0.5,False,False,cuda,83,86,204,7138,93276,4,13.0,20.0,22,0,1.7902700901031494,4.4721360206604,0.0520607195794582,37,0.7425205684367988,0.710534661609829,0.843048019980156,0.760803330007919,0.9836866261936724,7,0.3597646399551695,0.8937128235126637,0.0,0.8083395661929693,0.7483558728439593,0.8647745167629146,0.7483824652456394,6,0.43029515000012,0.1210431590000098,0.0509967640000468,0.2221468720001667,0.8487379900000178,1560.313856,253.323264,306.184192
sensitivity,salinas_a,fine_radius=0.225,20,20,7,True,4,True,0.5,100,0.225,3,0.75,30,0.5,False,False,cuda,83,86,204,7138,93276,4,13.0,20.0,22,0,1.7902700901031494,4.4721360206604,0.0520607195794582,27,0.8479805534779357,0.8398238528421546,0.9055753213649104,0.8690638007948315,0.9679251569462743,7,0.3592042588960493,0.8958500892454776,0.0,0.8100224382946896,0.7509374002765664,0.8695216104383919,0.7541063236361459,6,0.4341430500001024,0.1208243549999679,0.046569621999879,0.2226548260000527,0.8468349990000661,1554.0224,253.323264,306.184192
sensitivity,indian_pines,window_radius=3,20,20,3,True,4,True,0.5,50,0.3,3,0.6,30,0.5,False,False,cuda,145,145,200,21025,232638,4,12.0,15.0,18,0,4.361852645874023,2.2360680103302,0.2304274588823318,176,0.434969265294175,0.5987098892843481,0.6712740000896754,0.3402438955891539,0.8995731470273183,87,0.2192152199762188,0.8039328997813003,0.0020927467300832,0.4377012391452825,0.6045542365169119,0.6579492498975219,0.3407313895746757,70,2.1515687830001298,0.2240125499999976,0.0432009109999853,0.3945066879998649,2.875016496000171,1888.096256,716.41088,876.609536
sensitivity,indian_pines,window_radius=5,20,20,5,True,4,True,0.5,50,0.3,3,0.6,30,0.5,False,False,cuda,145,145,200,21025,299084,4,15.0,20.0,23,0,4.16243839263916,3.1622776985168457,0.2100012153387069,140,0.4626792857839789,0.5819845632658809,0.6595533158759609,0.4120005578170662,0.9566924270640332,59,0.2971700356718192,0.719000240719497,0.0002853745541022,0.4642404136988974,0.5828081009440214,0.6321777388049876,0.4076251030916881,51,0.6490132009998888,0.2688062199999876,0.0447338629999194,0.3137806260001525,1.3183265269999538,2018.332672,716.41088,878.706688
sensitivity,indian_pines,window_radius=7,20,20,7,True,4,True,0.5,50,0.3,3,0.6,30,0.5,False,False,cuda,145,145,200,21025,292766,4,15.0,20.0,22,0,3.955310821533203,4.123105525970459,0.1763077080249786,122,0.3965264903893062,0.5089433569537044,0.6304065250822131,0.3027555898146475,1.23186965645556,35,0.3597146254458977,0.7558509308253974,0.0008561236623067,0.4180895697141184,0.4955754819131091,0.5884603158773851,0.302183229144247,33,0.8003882610000801,0.2725413870000466,0.0448484680000547,0.3213197350000882,1.4794123550000222,1986.453504,716.41088,878.706688
sensitivity,indian_pines,window_radius=9,20,20,9,True,4,True,0.5,50,0.3,3,0.6,30,0.5,False,False,cuda,145,145,200,21025,287268,4,14.0,20.0,22,0,3.824188232421875,5.099019527435303,0.1752096563577652,115,0.4539955117572446,0.5109597758690165,0.6449179393289765,0.3443604679737177,1.2676691668637772,30,0.4497027348394768,0.6928288411188683,0.0,0.4759488730607864,0.4693699298863436,0.5865219988262991,0.3371081113488408,27,0.9644208370000342,0.2710395189999417,0.0445161479999569,0.3234080969998558,1.6438911889999872,1975.619584,716.41088,876.609536
sensitivity,indian_pines,pca_components=10,10,20,7,True,4,True,0.5,50,0.3,3,0.6,30,0.5,False,False,cuda,145,145,200,21025,296072,4,15.0,20.0,21,0,4.024927139282227,4.123105525970459,0.1764536201953888,130,0.5535174163333008,0.5451589921029235,0.6820047798113283,0.5063675151391982,1.2411262281551108,34,0.3022116527942925,0.7592582056004268,0.0,0.5677627085569323,0.5511075875074813,0.6244811839005969,0.466824130366141,32,0.8403635460001624,0.2732356480000817,0.04471606900006,0.3201010349998796,1.5189757890000235,1974.910976,716.41088,878.706688
sensitivity,indian_pines,pca_components=20,20,20,7,True,4,True,0.5,50,0.3,3,0.6,30,0.5,False,False,cuda,145,145,200,21025,292766,4,15.0,20.0,22,0,3.955310821533203,4.123105525970459,0.1763077080249786,122,0.3965264903893062,0.5089433569537044,0.6304065250822131,0.3027555898146475,1.23186965645556,35,0.3597146254458977,0.7558509308253974,0.0008561236623067,0.4180895697141184,0.4955754819131091,0.5884603158773851,0.302183229144247,33,0.7950315220000448,0.2689646169999378,0.0443670530000872,0.316632004999974,1.466288496999823,1986.551808,716.41088,878.706688
sensitivity,indian_pines,pca_components=30,30,20,7,True,4,True,0.5,50,0.3,3,0.6,30,0.5,False,False,cuda,145,145,200,21025,290860,4,14.0,20.0,23,0,3.921197891235352,4.123105525970459,0.1770947277545929,132,0.4162357303151527,0.5857036666580643,0.6438726758609538,0.3164998122957881,1.2789776260234724,37,0.3540546967895362,0.7571971085322529,0.0007609988109393,0.4283344716557713,0.6009805890221172,0.5874875138844721,0.309289720095506,35,0.8505755660000887,0.2815206770001168,0.0450311600000077,0.3204061639999054,1.538667541999985,1983.504384,716.41088,876.609536
sensitivity,indian_pines,pca_components=40,40,20,7,True,4,True,0.5,50,0.3,3,0.6,30,0.5,False,False,cuda,145,145,200,21025,289528,4,14.0,20.0,22,0,3.902472496032715,4.123105525970459,0.1768914312124252,130,0.4370182456825056,0.5696860858479347,0.635468062704779,0.3350429500362594,1.1737744012243223,35,0.3713674197384066,0.7371206620490375,0.0,0.453605229778515,0.5312002356636629,0.5771860455278263,0.322861773869683,32,0.8747794509999949,0.2780505559999255,0.0451854870000261,0.4448184570001103,1.6840274769999724,1981.374464,716.41088,876.609536
sensitivity,indian_pines,checkpoint=12,20,20,7,True,4,True,0.5,12,0.3,3,0.6,30,0.5,False,False,cuda,145,145,200,21025,292766,4,15.0,20.0,22,0,3.955310821533203,4.123105525970459,0.4719017446041107,238,0.3731095716655283,0.396916420818911,0.6000711977594079,0.3104469212577446,1.4641169548136546,12,0.4640665873959572,0.7651433143869392,0.0,0.4118450580544443,0.4307986686215894,0.467004583210343,0.2602734350629013,12,0.8712343619999956,0.2737945680000848,0.023788229000047,0.461613355000054,1.67659498099988,1986.572288,716.41088,878.706688
sensitivity,indian_pines,checkpoint=25,20,20,7,True,4,True,0.5,25,0.3,3,0.6,30,0.5,False,False,cuda,145,145,200,21025,292766,4,15.0,20.0,22,0,3.955310821533203,4.123105525970459,0.286307543516159,191,0.4834618011513318,0.5732318562466051,0.6503738646406877,0.4229673258010085,1.3779684304294282,14,0.4042806183115339,0.7748517266330015,0.0,0.5514684359449702,0.5188609889297359,0.5357796000978847,0.3943557205018518,14,0.8503468860001249,0.272312963000104,0.0307153549999839,0.329922477999844,1.5238501889998588,1986.572288,716.41088,878.706688
sensitivity,indian_pines,checkpoint=50,20,20,7,True,4,True,0.5,50,0.3,3,0.6,30,0.5,False,False,cuda,145,145,200,21025,292766,4,15.0,20.0,22,0,3.955310821533203,4.123105525970459,0.1763077080249786,122,0.3965264903893062,0.5089433569537044,0.6304065250822131,0.3027555898146475,1.23186965645556,35,0.3597146254458977,0.7558509308253974,0.0008561236623067,0.4180895697141184,0.4955754819131091,0.5884603158773851,0.302183229144247,33,0.837554597999997,0.2706497479998688,0.0445626959999572,0.3339384419998623,1.5272624449999057,1983.811584,716.41088,878.706688
sensitivity,indian_pines,checkpoint=100,20,20,7,True,4,True,0.5,100,0.3,3,0.6,30,0.5,False,False,cuda,145,145,200,21025,292766,4,15.0,20.0,22,0,3.955310821533203,4.123105525970459,0.1508945822715759,87,0.3663772075324422,0.4435979480049887,0.5571385838367955,0.1522936155166661,1.0616393282991925,38,0.5591438763376932,0.592073512795544,0.0,0.3681334764367255,0.4483447834480267,0.5380353692249596,0.1514804715100915,34,0.8263732210000398,0.2724964190001628,0.072558600000093,0.3277398989998801,1.5392957899998692,1986.609152,716.41088,878.706688
sensitivity,indian_pines,fine_radius=0.15,20,20,7,True,4,True,0.5,50,0.15,3,0.6,30,0.5,False,False,cuda,145,145,200,21025,292766,4,15.0,20.0,22,0,3.955310821533203,4.123105525970459,0.1763077080249786,361,0.3556444531173773,0.482398254656037,0.6576914949814969,0.2791455963657218,1.1684410866444512,19,0.1663258026159334,0.92024631347738,0.0,0.5104888281783588,0.6162191044712324,0.5807293326911721,0.3333053067052706,18,0.791381433999959,0.2722350550000101,0.0445701090000056,0.3589969750000819,1.5070339230001082,1986.609152,716.41088,878.706688
sensitivity,indian_pines,fine_radius=0.225,20,20,7,True,4,True,0.5,50,0.225,3,0.6,30,0.5,False,False,cuda,145,145,200,21025,292766,4,15.0,20.0,22,0,3.955310821533203,4.123105525970459,0.1763077080249786,220,0.4357498292516343,0.6031857290885512,0.6905218117898225,0.3528897021456341,1.2341720667064098,22,0.2101783590963139,0.867249640377436,0.0,0.5465899112108499,0.582252065905464,0.6102089361022013,0.3801543553120251,22,0.7925733739998577,0.2722617580000133,0.0446501629999147,0.3209047990001181,1.4697280350001165,1986.633728,716.41088,878.706688
sensitivity,indian_pines,fine_radius=0.3,20,20,7,True,4,True,0.5,50,0.3,3,0.6,30,0.5,False,False,cuda,145,145,200,21025,292766,4,15.0,20.0,22,0,3.955310821533203,4.123105525970459,0.1763077080249786,122,0.3965264903893062,0.5089433569537044,0.6304065250822131,0.3027555898146475,1.23186965645556,35,0.3597146254458977,0.7558509308253974,0.0008561236623067,0.4180895697141184,0.4955754819131091,0.5884603158773851,0.302183229144247,33,0.801364465000006,0.2737530869999318,0.0448482570000123,0.3606247719999373,1.521382234000157,1986.633728,716.41088,878.706688
sensitivity,indian_pines,fine_radius=0.375,20,20,7,True,4,True,0.5,50,0.375,3,0.6,30,0.5,False,False,cuda,145,145,200,21025,292766,4,15.0,20.0,22,0,3.955310821533203,4.123105525970459,0.1763077080249786,79,0.3711581617718801,0.4352594112270875,0.5164359050292996,0.1547439754214239,1.0557793944233935,34,0.5667538644470868,0.5626355651383378,0.0,0.3880378573519368,0.4460288597229515,0.5115125217397102,0.1587146935721302,30,0.7888421820000531,0.2739289090000056,0.0448922620000757,0.3191253219999908,1.4654563500000677,2009.432064,716.41088,878.706688
sensitivity,indian_pines,fine_radius=0.45,20,20,7,True,4,True,0.5,50,0.45,3,0.6,30,0.5,False,False,cuda,145,145,200,21025,292766,4,15.0,20.0,22,0,3.955310821533203,4.123105525970459,0.1763077080249786,45,0.3927212410966924,0.3987546318677826,0.4026174836255901,0.086807350774835,1.065470729111797,31,0.8409988109393579,0.2672997967136733,0.0015695600475624,0.3965264903893062,0.4045175569859769,0.4017442247944922,0.0869947774612631,23,0.8293787469999643,0.2725204460000441,0.0451075260000379,0.4529964899998049,1.6366432490001444,2011.87328,716.41088,878.706688
sensitivity,pavia_university,window_radius=3,20,20,3,True,4,True,0.5,100,0.15,3,3.0,30,0.5,False,False,cuda,610,340,103,207400,2239068,4,11.0,15.0,19,0,1.5821168422698977,2.2360680103302,0.1189244985580444,1444,0.5647091827192818,0.3878632018125479,0.6862105938946244,0.5466786505880863,0.5867705851048215,308,0.2055303760848601,0.7233223611117248,0.0008052073288331,0.6024639985038339,0.5298744288965472,0.720373642278621,0.5516813905027519,111,2.8954021150000244,0.9567976859998452,0.2643077769998854,3.8109206100000392,8.049630810000053,2425.67168,6943.682048,7698.644992
sensitivity,pavia_university,window_radius=5,20,20,5,True,4,True,0.5,100,0.15,3,3.0,30,0.5,False,False,cuda,610,340,103,207400,2877256,4,15.0,20.0,24,0,1.4875140190124512,3.1622776985168457,0.0833020284771919,950,0.6317561249298672,0.4765087732693082,0.7159078929650694,0.5836098250365598,0.668114431472129,118,0.1619189971070395,0.7707258936193104,8.19672131147541e-05,0.6993407518234525,0.6979985964995009,0.7589389428330002,0.5930664409419466,70,4.296321204999913,1.2301045080000677,0.2812197089999699,3.612073863999967,9.540945733000171,2532.896768,6944.055808,7767.851008
sensitivity,pavia_university,window_radius=7,20,20,7,True,4,True,0.5,100,0.15,3,3.0,30,0.5,False,False,cuda,610,340,103,207400,2820104,4,14.0,20.0,23,0,1.380049705505371,4.4721360206604,0.0859176442027092,692,0.6193659996259585,0.452529445723617,0.6602410127948348,0.5116910136861955,0.7410549438027063,207,0.3919816779170684,0.6274386589478156,0.0003760848601735,0.6364783991023003,0.5009343545405501,0.6836429337225108,0.5136556317923918,76,6.234294772000112,1.2140268010000457,0.2810366129999693,3.4207223319999684,11.267836079000062,2871.218176,6944.055808,7767.851008
sensitivity,pavia_university,window_radius=9,20,20,9,True,4,True,0.5,100,0.15,3,3.0,30,0.5,False,False,cuda,610,340,103,207400,2787432,4,14.0,19.0,23,0,1.317936897277832,5.385164737701416,0.070031426846981,531,0.53373386945951,0.3621178943467567,0.532782362468292,0.3004728397934165,0.7249216810190862,1,1.0,0.0,0.0,0.4359687675331962,0.1111111111111111,0.0,0.0,1,8.638533574000121,1.1771671510000488,0.2807821549999971,3.36111072299991,13.55012062800006,3416.477696,6944.055808,7767.851008
sensitivity,pavia_university,pca_components=10,10,20,7,True,4,True,0.5,100,0.15,3,3.0,30,0.5,False,False,cuda,610,340,103,207400,2824620,4,14.0,20.0,23,0,1.3810701370239258,4.4721360206604,0.0860306993126869,698,0.6108565550776136,0.4167840242784356,0.6566739530353581,0.5103088244690718,0.7231051002514961,211,0.3932304725168756,0.6259697909807047,0.0003471552555448,0.6229427716476529,0.4571142158961015,0.6755844460334266,0.5118727055471741,80,5.4017027009999765,1.1778304239999215,0.2752367739999499,3.374301973999991,10.347295479000197,2816.69632,6944.055808,7767.851008
sensitivity,pavia_university,pca_components=20,20,20,7,True,4,True,0.5,100,0.15,3,3.0,30,0.5,False,False,cuda,610,340,103,207400,2820104,4,14.0,20.0,23,0,1.380049705505371,4.4721360206604,0.0859176442027092,692,0.6193659996259585,0.452529445723617,0.6602410127948348,0.5116910136861955,0.7410549438027063,207,0.3919816779170684,0.6274386589478156,0.0003760848601735,0.6364783991023003,0.5009343545405501,0.6836429337225108,0.5136556317923918,76,6.242290828000023,1.219859103999852,0.277179310000065,3.431526417999976,11.289753160000146,2869.12512,6944.055808,7767.851008
sensitivity,pavia_university,pca_components=30,30,20,7,True,4,True,0.5,100,0.15,3,3.0,30,0.5,False,False,cuda,610,340,103,207400,2819682,4,14.0,20.0,23,0,1.381314039230347,4.4721360206604,0.0860232785344123,704,0.5949364129418365,0.4096835872663669,0.6475757807596072,0.4891792415337408,0.7362090741444662,208,0.388837994214079,0.6306925084234669,0.0002748312439729,0.6092902562184402,0.4537630657484256,0.6668411919586154,0.4908676019386638,81,7.036201266000035,1.2011467039999388,0.2762102250001135,3.3959740380000767,12.031471109999984,2892.193792,6944.055808,7767.851008
sensitivity,pavia_university,pca_components=40,40,20,7,True,4,True,0.5,100,0.15,3,3.0,30,0.5,False,False,cuda,610,340,103,207400,2819558,4,14.0,20.0,23,0,1.3820406198501587,4.4721360206604,0.0857504159212112,700,0.5955208528146624,0.4371291558153952,0.6446268212855387,0.4830701151430083,0.7376510972349665,221,0.3980568948891032,0.6220737604925882,0.0004291224686595,0.6103188703946139,0.4818976392292786,0.6637055750708878,0.4847744687381175,84,7.665744311000026,1.2021456689999468,0.2798381120001068,3.3450610439999764,12.614649481000017,2904.469504,6944.055808,7767.851008
sensitivity,pavia_university,checkpoint=25,20,20,7,True,4,True,0.5,25,0.15,3,3.0,30,0.5,False,False,cuda,610,340,103,207400,2820104,4,14.0,20.0,23,0,1.380049705505371,4.4721360206604,0.2835814952850342,2180,0.4353843276603703,0.3722975427348149,0.5980420135418855,0.3316702593397296,0.8550961258847225,148,0.1059884281581485,0.8233907811202913,0.0002555448408871,0.4928464559566112,0.5277879321017378,0.6384888507988026,0.3476721546486645,77,6.2386747280002055,1.2013384740000674,0.1270729600000777,3.951631185999986,11.645088170000008,2896.920576,6944.055808,7767.851008
sensitivity,pavia_university,checkpoint=50,20,20,7,True,4,True,0.5,50,0.15,3,3.0,30,0.5,False,False,cuda,610,340,103,207400,2820104,4,14.0,20.0,23,0,1.380049705505371,4.4721360206604,0.1300050318241119,1209,0.5739433327099308,0.4583631845498906,0.6677648850362332,0.4973620502324666,0.8225563368177617,152,0.1162295081967213,0.8081671961721881,0.0002073288331726,0.6062745464746587,0.5651359657373963,0.7031939235662198,0.5047450888030669,85,6.238407443999904,1.1977510419999362,0.1782894349998969,3.568771672000139,11.304757568000014,2892.726272,6944.055808,7767.851008
sensitivity,pavia_university,checkpoint=100,20,20,7,True,4,True,0.5,100,0.15,3,3.0,30,0.5,False,False,cuda,610,340,103,207400,2820104,4,14.0,20.0,23,0,1.380049705505371,4.4721360206604,0.0859176442027092,692,0.6193659996259585,0.452529445723617,0.6602410127948348,0.5116910136861955,0.7410549438027063,207,0.3919816779170684,0.6274386589478156,0.0003760848601735,0.6364783991023003,0.5009343545405501,0.6836429337225108,0.5136556317923918,76,6.175470757000085,1.199915271000009,0.274199051999858,3.3756793679999646,11.14189766100003,2909.503488,6944.055808,7767.851008
sensitivity,pavia_university,checkpoint=200,20,20,7,True,4,True,0.5,200,0.15,3,3.0,30,0.5,False,False,cuda,610,340,103,207400,2820104,4,14.0,20.0,23,0,1.380049705505371,4.4721360206604,0.0458344519138336,402,0.5395548905928558,0.3492231807744532,0.5408325463371824,0.3136718522265328,0.6392268834641314,1,1.0,0.0,0.0,0.4359687675331962,0.1111111111111111,0.0,0.0,1,6.175968560000001,1.199052735999885,0.4715432830000736,3.364879983000037,11.302319527999998,2909.503488,6944.055808,7767.851008
sensitivity,pavia_university,fine_radius=0.075,20,20,7,True,4,True,0.5,100,0.075,3,3.0,30,0.5,False,False,cuda,610,340,103,207400,2820104,4,14.0,20.0,23,0,1.380049705505371,4.4721360206604,0.0859176442027092,1885,0.3337619225734056,0.282548112798341,0.589430292010974,0.2379054618766709,0.624681821587474,235,0.0697685631629701,0.8698001856336788,0.0003664416586306,0.3868524406209089,0.4383000121105741,0.6313062588995646,0.2601547689493485,129,6.168849844000079,1.1973525559999416,0.2741555149998476,3.8928918660001273,11.662151085000003,2912.178176,6944.055808,7767.851008
sensitivity,pavia_university,fine_radius=0.1125,20,20,7,True,4,True,0.5,100,0.1125,3,3.0,30,0.5,False,False,cuda,610,340,103,207400,2820104,4,14.0,20.0,23,0,1.380049705505371,4.4721360206604,0.0859176442027092,1133,0.4981297924069571,0.3820344807730438,0.6610323287999267,0.4453252377699455,0.6880761827459267,46,0.1565911282545805,0.7875691096532554,0.0001157184185149,0.6695576959042454,0.8027374166143968,0.7398510330715948,0.4925731649730207,24,6.151306625999951,1.1989011410000785,0.2770188829999824,3.60188540199988,11.34747424000011,2879.000576,6944.055808,7767.851008
sensitivity,pavia_university,fine_radius=0.15,20,20,7,True,4,True,0.5,100,0.15,3,3.0,30,0.5,False,False,cuda,610,340,103,207400,2820104,4,14.0,20.0,23,0,1.380049705505371,4.4721360206604,0.0859176442027092,692,0.6193659996259585,0.452529445723617,0.6602410127948348,0.5116910136861955,0.7410549438027063,207,0.3919816779170684,0.6274386589478156,0.0003760848601735,0.6364783991023003,0.5009343545405501,0.6836429337225108,0.5136556317923918,76,6.14088107900011,1.1993269520000922,0.2797254580000299,3.4045192759999736,11.142214737999891,2888.531968,6944.055808,7767.851008
sensitivity,pavia_university,fine_radius=0.1875,20,20,7,True,4,True,0.5,100,0.1875,3,3.0,30,0.5,False,False,cuda,610,340,103,207400,2820104,4,14.0,20.0,23,0,1.380049705505371,4.4721360206604,0.0859176442027092,445,0.6148073686179166,0.4082657390806752,0.6108181654611924,0.4103199973120148,0.8030954696887926,46,0.5689440694310511,0.5138332335904708,8.678881388621023e-05,0.6731344679259398,0.612048773001214,0.6595891388344203,0.4150431912831729,19,6.152307379000149,1.195238212000049,0.2809950610001124,3.391496188000019,11.131303768999942,2875.949056,6944.055808,7767.851008
sensitivity,pavia_university,fine_radius=0.225,20,20,7,True,4,True,0.5,100,0.225,3,3.0,30,0.5,False,False,cuda,610,340,103,207400,2820104,4,14.0,20.0,23,0,1.380049705505371,4.4721360206604,0.0859176442027092,299,0.4557228352347111,0.1614008120874061,0.2665514349303263,0.10559749770472,0.7080654316130676,1,1.0,0.0,0.0,0.4359687675331962,0.1111111111111111,0.0,0.0,1,6.2035614740000256,1.1933847979998973,0.2774851229999058,3.3460765700001502,11.111841269000024,2878.947328,6944.055808,7767.851008
